url	name	price	stem_type	feel	pin_count	force	silent	color
https://mechanicalkeyboards.com/products/cherry-mx2a-silent-red-45g-linear	Cherry MX2A Silent Red 45g Linear Switch	$0.40	MX	Linear	3	45 cN	Yes	Pink
https://mechanicalkeyboards.com/products/cherry-mx2a-brown-55g-tactile	Cherry MX2A Brown 55g Tactile Switch	$0.40	MX	Tactile		55 cN	No	Brown
https://mechanicalkeyboards.com/products/cherry-mx2a-blue-60g-clicky	Cherry MX2A Blue 60g Clicky Switch	$0.40	MX	Clicky		60 cN	No	Blue
https://mechanicalkeyboards.com/products/cherry-mx2a-speed-silver-45g-linear	Cherry MX2A Speed Silver 45g Linear Switch	$0.50	MX	Linear	3	45 cN	No	Silver
https://mechanicalkeyboards.com/products/ttc-bluish-white-silent-v2-42g-tactile-plate-mount-lubed	TTC Bluish White Silent V2 42g Tactile Plate Mount Lubed Switch	$0.60	MX	Tactile	3	42 cN	Yes	Blue
https://mechanicalkeyboards.com/products/gateron-jupiter-banana-59g-tactile-pcb-mount	Gateron Jupiter Banana 59g Tactile PCB Mount Switch	$0.28	MX	Tactile	5	59 cN	No	Yellow
https://mechanicalkeyboards.com/products/cherry-mx2a-red-45g-linear	Cherry MX2A Red 45g Linear Switch	$0.40	MX	Linear		45 cN	No	Red
https://mechanicalkeyboards.com/products/gateron-baby-kangaroo-20-59g-tactile-switch	Gateron Baby Kangaroo 2.0 59g Tactile Switch	$0.60	MX	Tactile	5	59 cN	No	Green
https://mechanicalkeyboards.com/products/cherry-mx2a-black-60g-linear	Cherry MX2A Black 60g Linear Switch	$0.40	MX	Linear	3	60 cN	No	Black
https://mechanicalkeyboards.com/products/cherry-mx-silent-red-45g-linear	Cherry MX Silent Red 45g Linear Switch	$0.40	MX	Linear		45 cN	Yes	Red
https://mechanicalkeyboards.com/products/zeal-pc-purple-zealios-v2-tactile	Zeal PC Purple Zealios V2 Tactile Switch	$1.10	MX	Tactile	5		No	Purple
https://mechanicalkeyboards.com/products/cherry-mx-clear-65g-tactile	Cherry MX Clear 65g Tactile Switch	$0.40	MX	Tactile		65 cN	No	Off-White
https://mechanicalkeyboards.com/products/gateron-ks-3-milky-yellow-pro-50g-linear-pcb-mount-switch	Gateron KS-3 Milky Yellow Pro 50g Linear PCB Mount Switch	$0.26	MX	Linear	5	50 cN	No	Yellow
https://mechanicalkeyboards.com/products/cherry-mx-ergo-clear-55g-tactile	Cherry MX Ergo Clear 55g Tactile Switch	$0.57	MX	Tactile	5	55 cN	No	White
https://mechanicalkeyboards.com/products/cherry-mx-green-80g-clicky	Cherry MX Green 80g Clicky Switch	$0.40	MX	Clicky		80 cN	No	Green
https://mechanicalkeyboards.com/products/gateron-oil-king-55g-linear-pcb-mount-lubed-switch	Gateron Oil King 55g Linear PCB Mount Lubed Switch	$0.65	MX	Linear	5	55 cN	No	Black
https://mechanicalkeyboards.com/products/ttc-frozen-silent-v2-39g-linear-plate-mount	TTC Frozen Silent V2 39g Linear Plate Mount Switch	$0.90	MX	Linear	3	39 cN	Yes	Clear
https://mechanicalkeyboards.com/products/kailh-box-v2-white-45g-clicky-pcb-mount	Kailh BOX V2 White 45g Clicky PCB Mount Switch	$0.35	MX	Clicky	5	45 cN	No	White
https://mechanicalkeyboards.com/products/ktt-matcha-40g-tactile-plate-mount-switch	KTT Matcha 40g Tactile Plate Mount Switch	$0.46	MX	Tactile	3	40 cN	No	Green
https://mechanicalkeyboards.com/products/gateron-smoothie-40g-linear-pcb-mount-switch	Gateron Smoothie 40g Linear PCB Mount Switch	$0.30	MX	Linear	5	40 cN	No	White
https://mechanicalkeyboards.com/products/gateron-melodic-60g-clicky-pcb-mount-switch	Gateron Melodic 60g Clicky PCB Mount Switch	$0.65	MX	Clicky	5	60 cN	No	Pink
https://mechanicalkeyboards.com/products/wuque-studio-morandi-50g-linear-pcb-mount-switch	Wuque Studio Morandi 50g Linear PCB Mount Switch	$0.43	MX	Linear	5	50 cN	No	White
https://mechanicalkeyboards.com/products/cherry-mx-blue-60g-clicky	Cherry MX Blue 60g Clicky Switch	$0.40	MX	Clicky		60 cN	No	Blue
https://mechanicalkeyboards.com/products/mk-holy-llama-55g-tactile-pcb-mount	MK Holy Llama 55g Tactile PCB Mount Switch Frozen Llama Series	$0.42	MX	Tactile	5	70 cN	No	Blue
https://mechanicalkeyboards.com/products/ttc-bluish-white-42g-tactile-plate-mount	TTC Bluish White 42g Tactile Plate Mount Lubed Switches	$0.50	MX	Tactile	3	42 cN	No	Blue
https://mechanicalkeyboards.com/products/mk-switch-tester-tube-tactile-formula-808	MK Switch Tester Tube Tactile Formula 808	$8.00	MX	Tactile				
https://mechanicalkeyboards.com/products/zeal-pc-clickiez-40g-convertible-tactile-clicky-linear-pcb-mount	Zeal PC Clickiez 40g Convertible Tactile / Clicky / Linear PCB Mount Switch	$1.50	MX	Clicky	5	32 cN	No	Green
https://mechanicalkeyboards.com/products/cherry-mx-grey-80g-linear	Cherry MX Grey 80g Linear Switch	$0.40	MX	Linear		80 cN	No	Grey
https://mechanicalkeyboards.com/products/durock-blue-lotus-55g-tactile-pcb-mount-lubed-switch	Durock Blue Lotus 55g Tactile PCB Mount Lubed Switch	$0.70	MX	Tactile		55 cN		Navy
https://mechanicalkeyboards.com/products/cherry-mx-brown-55g-tactile	Cherry MX Brown 55g Tactile Switch	$0.40	MX	Tactile		55 cN	No	Brown
https://mechanicalkeyboards.com/products/mk-switch-tester-tube-clicky-formula-104	MK Switch Tester Tube Clicky Formula 104	$8.00	MX	Clicky			No	
https://mechanicalkeyboards.com/products/ttc-neptune-41g-linear-pcb-mount-switch	TTC Neptune 41g Linear PCB Mount Switch	$0.60	MX	Linear	5	41 cN	No	Clear
https://mechanicalkeyboards.com/products/gateron-cap-v2-milky-yellow-50g-linear-pcb-mount-switch	Gateron Cap V2 Milky Yellow 50g Linear PCB Mount Switch	$0.40	MX	Linear	5	50 cN	No	Yellow
https://mechanicalkeyboards.com/products/gateron-baby-raccoon-20-55g-linear-switch	Gateron Baby Raccoon 2.0 55g Linear Switch	$0.60	MX	Linear	5	55 cN	No	Brown
https://mechanicalkeyboards.com/products/mk-switch-tester-tube-silent-formula-627	MK Switch Tester Tube Silent Formula 627	$8.00					Yes	
https://mechanicalkeyboards.com/products/zeal-pc-zeal-clickiez-75g-convertible-tactile-clicky-linear-pcb-mount	Zeal PC Zeal Clickiez 75g Convertible Tactile / Clicky / Linear PCB Mount Switch	$1.50	MX	Clicky	5	58 cN	No	Yellow
https://mechanicalkeyboards.com/products/zeal-pc-blue-zilents-v2-silent-tactile	Zeal PC Blue Zilents V2 Silent Tactile Switch	$1.30	MX	Tactile	5		Yes	Blue
https://mechanicalkeyboards.com/products/gateron-quinn-59g-tactile-pcb-mount-switch	Gateron Quinn 59g Tactile PCB Mount Switch	$0.60	MX	Tactile	5	59 cN	No	Off-White
https://mechanicalkeyboards.com/products/gateron-baby-raccoon-55g-linear-pcb-mount-lubed-switch	Gateron Baby Raccoon 55g Linear PCB Mount Lubed Switch	$0.70	MX	Linear	5	55 cN	No	Brown
https://mechanicalkeyboards.com/products/cherry-mx-silent-black-60g-linear	Cherry MX Silent Black 60g Linear Switch	$0.50	MX	Linear		60 cN	Yes	Black
https://mechanicalkeyboards.com/products/matias-quiet-linear-35g-switch	Matias Quiet Linear 35g Switch	$0.75	ALPS	Linear		35 cN	No	Red
https://mechanicalkeyboards.com/products/gateron-jade-30g-linear-pcb-mount-magnetic-he	Gateron Jade 30g Linear PCB Mount Magnetic HE Switch	$0.80	MX	Linear	5	30 cN	No	White
https://mechanicalkeyboards.com/products/mk-switch-tester-tube-intro-formula-821	MK Switch Tester Tube Intro Formula 821	$8.00						
https://mechanicalkeyboards.com/products/swk-jieum-v2-linear-pcb-mount-switch	SWK Jieum V2 Linear PCB Mount Switch	$0.48	MX	Linear	5			Grey
https://mechanicalkeyboards.com/products/gateron-g-pro-30-brown-55g-tactile-pcb-mount	Gateron G Pro 3.0 Brown 55g Tactile PCB Mount Switch	$0.30	MX	Tactile	5	55 cN	No	Brown
https://mechanicalkeyboards.com/products/gateron-beer-50g-tactile-switch	Gateron Beer 50g Tactile Switch	$0.60	MX	Tactile	5	50 cN	No	Yellow
https://mechanicalkeyboards.com/products/gateron-oil-king-v2-55g-linear-lubed	Gateron Oil King V2 55g Linear PCB Mount Lubed Switch	$0.65	MX	Linear	5	55 cN	No	Black
https://mechanicalkeyboards.com/products/swk-catmint-linear-pcb-mount-switch	SWK Catmint Linear PCB Mount Switch	$0.35	MX	Linear	5			Purple
https://mechanicalkeyboards.com/products/sw-x-haimu-mp-tactile-switch	SW x Haimu MP Tactile Switch	$0.40	MX	Tactile				Black
https://mechanicalkeyboards.com/products/cherry-mx-brown-hyperglide-45g-tactile	Cherry MX Brown Hyperglide 45g Tactile Switch	$0.40	MX	Tactile	5	45 cN	No	Black
https://mechanicalkeyboards.com/products/cherry-mx-red-45g-linear	Cherry MX Red 45g Linear Switch	$0.40	MX	Linear		45 cN	No	Red
https://mechanicalkeyboards.com/products/gateron-mini-i-switch	Gateron Mini i 50g Tactile Lubed Switch	$0.61	MX	Tactile	5	50 cN	No	Red
https://mechanicalkeyboards.com/products/gateron-jupiter-red-45g-linear-pcb-mount	Gateron Jupiter Red 45g Linear PCB Mount Switch	$0.28	MX	Linear	5	45 cN	No	Red
https://mechanicalkeyboards.com/products/hmx-kd200-45g-linear-pcb-mount-35-pack	HMX KD200 45g Linear PCB Mount Switches (35 Pack)	$9.99	MX	Linear	5	45 cN		Black
https://mechanicalkeyboards.com/products/kailh-choc-red-50g-low-profile-linear	Kailh Choc Red 50g Low Profile Linear Switch	$0.40	CHOC	Linear		50 cN	No	Red
https://mechanicalkeyboards.com/products/kailh-box-white-45g-clicky-plate-mount	Kailh BOX White 45g Clicky Plate Mount Switch	$0.35	MX	Clicky	3	45 cN	No	White
https://mechanicalkeyboards.com/products/wuque-studio-dash-55g-linear-magnetic-he	Wuque Studio Dash 55g Linear Magnetic HE Switch	$0.80	MX	Linear	5		No	Purple
https://mechanicalkeyboards.com/products/durock-black-lotus-635g-linear-pcb-mount-lubed-switch	Durock Black Lotus 63.5g Linear PCB Mount Lubed Switch	$0.70	MX	Linear	5	55 cN	No	Black
https://mechanicalkeyboards.com/products/kailh-box-deep-sea-pro-silent-40g-tactile-plate-mount-switch	Kailh BOX Deep Sea Pro Silent 40g Tactile Plate Mount Switch	$0.75	MX	Tactile	3	40 cN	No	Brown
https://mechanicalkeyboards.com/products/kailh-speed-pink-50g-clicky-plate-mount-switch	Kailh Speed Pink 50g Clicky Plate Mount Switch	$0.33	MX	Clicky	3	50 cN	No	Pink
https://mechanicalkeyboards.com/products/hmx-1989-classic-45g-linear-pcb-mount-35-pack	HMX 1989 Classic 45g Linear PCB Mount Switches (35 Pack)	$11.99	MX	Linear	5	45 cN		Red
https://mechanicalkeyboards.com/products/wuque-studio-heavy-tactile-45g	Wuque Studio Heavy Tactile 45g Switch	$0.35	MX	Tactile	5	45 cN	No	Grey
https://mechanicalkeyboards.com/products/kailh-midnight-pro-silent-45g-tactile-plate-mount-lubed	Kailh Midnight Pro Silent 45g Tactile Plate Mount Lubed Switch	$0.90	MX	Tactile	3	45 cN	Yes	Beige
https://mechanicalkeyboards.com/products/cherry-mx-black-clear-top-nixie	Cherry MX Black Clear Top Nixie 63.5g Linear Switch	$0.42	MX	Linear	5	64 cN		Black
https://mechanicalkeyboards.com/products/mk-switch-tester-tube-linear-formula-953	MK Switch Tester Tube Linear Formula 953	$8.00		Linear			No	
https://mechanicalkeyboards.com/products/ktt-strawberry-43g-linear-pcb-mount-switch	KTT Strawberry 43g Linear PCB Mount Switch	$0.46	MX	Linear	5	43 cN	No	Pink
https://mechanicalkeyboards.com/products/ttc-venus-45g-linear-pcb-mount-switch	TTC Venus 45g Linear PCB Mount Switch	$0.60	MX	Linear	5	45 cN	No	Clear
https://mechanicalkeyboards.com/products/ttc-flaming-purple-42g-linear-pcb-mount	TTC Flaming Purple 42g Linear PCB Mount Switch	$0.60	MX	Linear	5	42 cN	No	Purple
https://mechanicalkeyboards.com/products/gateron-ink-box-v2-black-60g-linear-pcb-mount-lubed-switch	Gateron Ink BOX V2 Black 60g Linear PCB Mount Lubed Switch	$0.95	MX	Linear	5	60 cN	No	Black
https://mechanicalkeyboards.com/products/tecsee-coral-68g-tactile-pcb-mount-switch	Tecsee Coral 68g Tactile PCB Mount Switch	$0.45	MX	Tactile	5	68 cN	No	Orange
https://mechanicalkeyboards.com/products/mk-purple-slush-50g-linear-pcb-mount	MK Purple Slush 50g Linear PCB Mount Switch Frozen Llama Series	$0.42	MX	Linear	5	65 cN	No	Purple
https://mechanicalkeyboards.com/products/cherry-mx-speed-silver-45g-linear	Cherry MX Speed Silver 45g Linear Switch	$0.40	MX	Linear		45 cN	No	Silver
https://mechanicalkeyboards.com/products/durock-t1-67g-tactile-pcb-mount-switch	Durock T1 67g Tactile PCB Mount Switch	$0.60	MX	Tactile	5	67 cN	No	Teal
https://mechanicalkeyboards.com/products/kailh-box-ancient-grey-95g-linear-plate-mount	Kailh BOX Ancient Grey 95g Linear Plate Mount Switch	$0.50	MX	Linear	3	95 cN	No	Grey
https://mechanicalkeyboards.com/products/kailh-polia-45g-tactile-plate-mount	Kailh Polia 45g Tactile Plate Mount Switch	$0.40	MX	Tactile	3	45 cN	No	Purple
https://mechanicalkeyboards.com/products/gateron-g-pro-30-silver-45g-linear-pcb-mount	Gateron G Pro 3.0 Silver 45g Linear PCB Mount Switch	$0.32	MX	Linear	5	45 cN	No	Grey
https://mechanicalkeyboards.com/products/durock-sunflower-pom-t1-67g-tactile-pcb-mount	Durock Sunflower POM T1 67g Tactile PCB Mount	$0.70	MX	Tactile	5	67 cN	No	Yellow
https://mechanicalkeyboards.com/products/kailh-white-owl-v2-46g-clicky-pcb-mount-switch	Kailh White Owl V2 46g Clicky PCB Mount Switch	$0.60	MX	Clicky	5	46 cN	No	White
https://mechanicalkeyboards.com/products/ttc-ace-60g-linear-pcb-mount-lubed-switch	TTC ACE 60g Linear PCB Mount Lubed Switch	$0.60	MX	Linear	5	53 cN	No	Green
https://mechanicalkeyboards.com/products/hmx-fj400-50g-linear-pcb-mount-35-pack	HMX FJ400 50g Linear PCB Mount Switch (35 Pack)	$9.99	MX	Linear	5	2.00 cN		Green
https://mechanicalkeyboards.com/products/gateron-g-pro-30-blue-60g-clicky-pcb-mount	Gateron G Pro 3.0 Blue 60g Clicky PCB Mount Switch	$0.30	MX	Clicky	5	60 cN	No	Blue
https://mechanicalkeyboards.com/products/ttc-tiger-standard-45g-linear-pcb-mount-lubed-switch	TTC Tiger Standard 45g Linear PCB Mount Lubed Switch	$1.25	MX	Linear	5	45 cN	No	Orange
https://mechanicalkeyboards.com/products/kailh-speed-bronze-50g-clicky	Kailh Speed Bronze 50g Clicky Switch	$0.33	MX	Clicky		50 cN	No	Bronze
https://mechanicalkeyboards.com/products/gateron-g-pro-30-yellow-50g-linear-pcb-mount	Gateron G Pro 3.0 Yellow 50g Linear PCB Mount Switch	$0.30	MX	Linear	5	50 cN	No	Yellow
https://mechanicalkeyboards.com/products/wuque-studio-grey-silent-50g-tactile-pcb-mount-switch	Wuque Studio Grey Silent 50g Tactile PCB Mount Switch	$0.42	MX	Tactile	5	50 cN	Yes	Grey
https://mechanicalkeyboards.com/products/ktt-purple-click-40g-clicky-plate-mount-switch	KTT Purple Click 40g Clicky Plate Mount Switch	$0.30	MX	Clicky	3	40 cN	No	Purple
https://mechanicalkeyboards.com/products/durock-2023-sea-glass-45g-linear-pcb-mount-lubed	Durock 2023 Sea Glass 45g Linear PCB Mount Lubed Switch	$0.52	MX	Linear	3	45 cN		
https://mechanicalkeyboards.com/products/wuque-studio-brown-55g-tactile-pcb-mount	Wuque Studio Brown 55g Tactile PCB Mount Switch	$0.35	MX	Tactile	5	55 cN	No	Brown
https://mechanicalkeyboards.com/products/gateron-ef-curry-switch	Gateron EF Curry 50g Linear Switch	$0.22	MX	Linear	5	50 cN	No	Orange
https://mechanicalkeyboards.com/products/ktt-rose-45g-linear-pcb-mount-switch	KTT Rose 45g Linear PCB Mount Switch	$0.29	MX	Linear	5	45 cN	No	Pink
https://mechanicalkeyboards.com/products/cherry-mx-black-hyperglide-60g-linear-pcb-mount-switch	Cherry MX Black Hyperglide 60g Linear PCB Mount Switch	$0.40	MX	Linear	5	60 cN	No	Black
https://mechanicalkeyboards.com/products/kailh-box-v2-brown-45g-tactile-pcb-mount-lubed-switch	Kailh BOX V2 Brown 45g Tactile PCB Mount Lubed Switch	$0.35	MX	Tactile	5	45 cN	No	Brown
https://mechanicalkeyboards.com/products/cherry-mx-white-80g-clicky	Cherry MX White 80g Clicky Switch	$0.40	MX	Clicky		80 cN	No	
https://mechanicalkeyboards.com/products/durock-dolphin-silent-62g-linear-pcb-mount	Durock Dolphin Silent 62g Linear PCB Mount Switch	$0.70	MX	Linear	5	67 cN	Yes	Blue
https://mechanicalkeyboards.com/products/kailh-box-navy-75g-clicky-plate-mount	Kailh BOX Navy 75g Clicky Plate Mount Switch	$0.40	MX	Clicky	3	75 cN	No	Navy
https://mechanicalkeyboards.com/products/gateron-ks-33-low-profile-chocolate-20-55g-tactile-plate-mount	Gateron KS-33 Low Profile Chocolate 2.0 55g Tactile Plate Mount Switch	$0.36	MX	Tactile	3	55 cN	No	Brown
https://mechanicalkeyboards.com/products/gateron-smoothie-silver-45g-linear-plate-mount	Gateron Smoothie Silver 45g Linear Plate Mount Switch	$0.34	MX	Linear	5	45 cN	No	Silver
https://mechanicalkeyboards.com/products/wuque-studio-light-tactile-35g	Wuque Studio Light Tactile 35g Switch	$0.45	MX	Tactile	5	50 cN	No	Blue
https://mechanicalkeyboards.com/products/gateron-mountain-top-switch	Gateron Mountain Top 40g Linear Switch	$0.61	MX	Tactile	5	40 cN	No	Yellow
https://mechanicalkeyboards.com/products/kailh-box-v2-red-40g-linear-pcb-mount-lubed	Kailh BOX V2 Red 40g Linear PCB Mount Lubed Switch	$0.35	MX	Linear	5	40 cN	No	Red
https://mechanicalkeyboards.com/products/gateron-ink-black-v2-60g-linear-pcb	Gateron Ink Black V2 60g Linear PCB Mount Switch	$0.85	MX	Linear	5	60 cN	No	Black
https://mechanicalkeyboards.com/products/kailh-box-jade-50g-clicky-plate-mount	Kailh BOX Jade 50g Clicky Plate Mount Switch	$0.40	MX	Clicky		50 cN	No	Green
https://mechanicalkeyboards.com/products/sw-x-haimu-mp-linear-45g-pcb-mount-switch	SW x Haimu MP Linear 45g PCB Mount Switch	$0.40	MX	Linear	5	45 cN		Frosted
https://mechanicalkeyboards.com/products/gateron-x-sw-pure-berry-linear-pcb-mount-switch	Gateron X SW Pure Berry Linear PCB Mount Switch	$0.48	MX		5			Pink
https://mechanicalkeyboards.com/products/sw-x-gateron-deepping-58g-linear	SW x Gateron Deepping 58g Linear PCB Mount Switch	$0.88	MX	Linear	5			Black
https://mechanicalkeyboards.com/products/gateron-baby-kangaroo-59g-tactile-pcb-mount-lubed-switch	Gateron Baby Kangaroo 59g Tactile PCB Mount Lubed Switch	$0.70	MX	Tactile	5	59 cN	No	Green
https://mechanicalkeyboards.com/products/ttc-silent-red-56g-linear-plate-mount-lubed-switch	TTC Silent Red 56g Linear Plate Mount Lubed Switch	$0.65	MX	Linear	3	53 cN	Yes	Pink
https://mechanicalkeyboards.com/products/ttc-gold-pink-37g-linear-plate-mount-lubed	TTC Gold Pink 37g Linear Plate Mount Lubed Switches	$0.50	MX	Linear	3	37 cN	No	Pink
https://mechanicalkeyboards.com/products/ktt-phalaenopsis-37g-tactile-plate-mount-switch	KTT Phalaenopsis 37g Tactile Plate Mount Switch	$0.59	MX	Tactile	3	37 cN	No	Purple
https://mechanicalkeyboards.com/products/sw-x-hmx-garnet-45g-linear-pcb-mount-switch	SW x HMX Garnet 45g Linear PCB Mount Switch	$0.34	MX	Linear				Red
https://mechanicalkeyboards.com/products/gateron-g-pro-30-white-38g-linear-pcb-mount	Gateron G Pro 3.0 White 38g Linear PCB Mount Switch	$0.32	MX	Linear	5	38 cN	No	White
https://mechanicalkeyboards.com/products/ktt-vanilla-ice-cream-43g-linear-pcb-mount-switch	KTT Vanilla Ice Cream 43g Linear PCB Mount Switch	$0.49	MX	Linear	5	43 cN	No	Off-White
https://mechanicalkeyboards.com/products/durock-white-lotus-56g-tactile-pcb-mount-lubed-switch	Durock White Lotus 56g Tactile PCB Mount Lubed Switch	$0.70	MX	Tactile		46 cN	No	White
https://mechanicalkeyboards.com/products/kailh-box-deep-sea-silent-45g-linear-plate-mount-switch	Kailh BOX Deep Sea Silent 45g Linear Plate Mount Switch	$0.75	MX	Linear	3	45 cN	No	Clear
https://mechanicalkeyboards.com/products/gateron-north-pole-20-yellow-50g-linear-pcb-mount-lubed-switch	Gateron North Pole 2.0 Yellow 50g Linear PCB Mount Lubed Switch	$0.74	MX	Linear	5	50 cN	No	Clear
https://mechanicalkeyboards.com/products/ttc-brother-37g-clicky-plate-mount-lubed-switch	TTC Brother 37g Clicky Plate Mount Lubed Switch	$0.65	MX	Clicky	3	37 cN	Yes	Blue
https://mechanicalkeyboards.com/products/ttc-quick-silver-45g-linear-lubed-plate-mount	TTC Quick Silver 45g Linear Lubed Plate Mount Switch	$0.60	MX	Linear	3	45 cN	No	Grey
https://mechanicalkeyboards.com/products/ttc-frozen-silent-39g-linear-plate-mount-lubed-switch	TTC Frozen Silent 39g Linear Plate Mount Lubed Switch	$0.80	MX	Linear	3	39 cN	No	Clear
https://mechanicalkeyboards.com/products/kailh-speed-copper-50g-tactile	Kailh Speed Copper 50g Tactile Switch	$0.33	MX	Tactile		50 cN	No	
https://mechanicalkeyboards.com/products/kailh-choc-white-50g-low-profile-clicky	Kailh Choc White 50g Low Profile Clicky Switch	$0.40	CHOC	Clicky		50 cN	No	White
https://mechanicalkeyboards.com/products/gateron-zero-degree-fully-silent-45g-silent-linear-pcb-mount-switch	Gateron Zero Degree Fully Silent 45g Silent Linear PCB Mount Switch	$0.65	MX	Linear	5	45 cN	Yes	Grey
https://mechanicalkeyboards.com/products/wuque-studio-pom-45g-linear	Wuque Studio POM+ 45g Linear Switch	$0.47	MX	Linear	5	45 cN	No	Purple
https://mechanicalkeyboards.com/products/wuque-studio-white-silent-50g-linear-pcb-mount	Wuque Studio White Silent 50g Linear PCB Mount Switch	$0.42	MX	Linear	5	50 cN	Yes	White
https://mechanicalkeyboards.com/products/kailh-canary-60g-tactile-pcb-mount-switch	Kailh Canary 60g Tactile PCB Mount Switch	$0.70	MX	Tactile	5	60 cN	No	Grey
https://mechanicalkeyboards.com/products/durock-creamy-purple-67g-linear-pcb-mount	Durock Creamy Purple 67g Linear PCB Mount Switch	$0.60	MX	Linear	5	67 cN	No	Purple
https://mechanicalkeyboards.com/products/kailh-box-silent-brown-45g-tactile-plate-mount	Kailh BOX Silent Brown 45g Tactile Plate Mount Switch	$0.50	MX	Tactile	3	45 cN	Yes	Brown
https://mechanicalkeyboards.com/products/kailh-speed-pro-purple-50g-tactile-plate-mount	Kailh Speed Pro Purple 50g Tactile Plate Mount Switch	$0.33	MX	Tactile	3	50 cN	No	Purple
https://mechanicalkeyboards.com/products/akko-rosewood-45-pack	Akko Rosewood 40g Linear PCB Mount Switch 45 Pack	$13.99	MX	Linear	5	40 cN		Beige
https://mechanicalkeyboards.com/products/akko-creamy-blue-pro-v3-45-pack	Akko Creamy Blue Pro V3 45g Tactile PCB Mount Switch 45 Pack	$8.99	MX	Tactile	5	45 cN		Blue
https://mechanicalkeyboards.com/products/gateron-sea-salt-smoothie	Gateron Sea Salt Smoothie 48g Linear PCB Mount Switch	$0.30	MX	Linear	5	48 cN		Blue
https://mechanicalkeyboards.com/products/wuque-studio-jade-50g-linear	Wuque Studio Jade 50g Linear Switch	$0.46	MX	Linear	5	50 cN	No	Green
https://mechanicalkeyboards.com/products/gateron-grayish-switch	Gateron Grayish 59g Tactile Lubed Switch	$0.28	MX	Tactile	5	59 cN	No	White
https://mechanicalkeyboards.com/products/gateron-cap-v2-milky-brown-55g-tactile-pcb-mount-switch	Gateron Cap V2 Milky Brown 55g Tactile PCB Mount Switch	$0.40	MX	Tactile	5	55 cN	No	Brown
https://mechanicalkeyboards.com/products/kailh-box-hush-v3-silent-50g-linear-plate-mount-lubed-switch	Kailh BOX Hush V3 Silent 50g Linear Plate Mount Lubed Switch	$0.75	MX	Linear	3	50 cN	Yes	White
https://mechanicalkeyboards.com/products/gateron-green-80g-clicky-plate-mount	Gateron Green 80g Clicky Plate Mount Switch	$0.85	MX	Clicky	3	80 cN	No	Green
https://mechanicalkeyboards.com/products/kailh-choc-brown-60g-low-profile-tactile	Kailh Choc Brown 60g Low Profile Tactile Switch	$0.40	CHOC	Tactile		60 cN	No	Brown
https://mechanicalkeyboards.com/products/kailh-box-noble-yellow-55g-clicky-plate-mount	Kailh BOX Noble Yellow 55g Clicky Plate Mount Switch	$0.50	MX	Clicky	3	55 cN	No	Yellow
https://mechanicalkeyboards.com/products/meletrix-akuamarin-linear-pcb-mount	Meletrix Akuamarin Linear PCB Mount Switch	$0.55	MX	Linear	5		No	Blue
https://mechanicalkeyboards.com/products/gateron-g-pro-30-black-60g-linear-pcb-mount	Gateron G Pro 3.0 Black 60g Linear PCB Mount Switch	$0.30	MX	Linear	5	60 cN	No	Black
https://mechanicalkeyboards.com/products/gateron-lunar-probe-45g-linear-lubed-switch	Gateron Lunar Probe 45g Linear Lubed Switch	$0.60	MX	Linear	5	45 cN	No	Yellow
https://mechanicalkeyboards.com/products/ttc-heart-switches-linear-lubed-plate-mount	TTC Heart Switches Linear Lubed Plate Mount	$0.90	MX	Linear	3	42 cN	No	Clear
https://mechanicalkeyboards.com/products/ttc-low-profile-brown-45g-tactile-switch	TTC Low Profile Brown 45g Tactile Switch	$0.50	MX	Tactile		45 cN	No	Brown
https://mechanicalkeyboards.com/products/ttc-golden-brown-v3-55g-tactile-plate-mount-lubed-switch	TTC Golden Brown V3 55g Tactile Plate Mount Lubed Switch	$0.60	MX	Tactile	3	55 cN	No	Brown
https://mechanicalkeyboards.com/products/kailh-speed-gold-50g-clicky	Kailh Speed Gold 50g Clicky Switch	$0.75	MX	Clicky		50 cN	No	Gold
https://mechanicalkeyboards.com/products/kailh-box-glazed-green-45g-clicky-plate-mount	Kailh Box Glazed Green 45g Clicky Plate Mount Switch	$0.50	MX	Clicky	3	45 cN	No	Green
https://mechanicalkeyboards.com/products/akko-creamy-yellow-pro-v3-45-pack	Akko Creamy Yellow Pro V3 50g Linear Switch 45 Pack	$8.99	MX	Linear		50 cN		Yellow
https://mechanicalkeyboards.com/products/gateron-cap-anniversary-switch	Gateron CAP Anniversary 50g Linear PCB Mount Lubed Switch	$0.49	MX	Linear	5	50 cN	No	Green
https://mechanicalkeyboards.com/products/kailh-red-bean-pudding-45g-linear-pcb-mount-switch	Kailh Red Bean Pudding 45g Linear PCB Mount Switch	$0.50	MX	Linear	5	45 cN	No	Red
https://mechanicalkeyboards.com/products/kailh-box-red-45g-linear-plate-mount	Kailh BOX Red 45g Linear Plate Mount Switch	$0.35	MX	Linear	3	45 cN	No	Red
https://mechanicalkeyboards.com/products/akko-lavender-purple-pro-v3-45-pack	Akko Lavender Purple Pro V3 40g Tactile PCB Mount Switch 45 Pack	$9.99	MX	Tactile	5	40 cN		Purple
https://mechanicalkeyboards.com/products/ktt-moonrosa-37g-linear-pcb-mount-switch	KTT MoonRosa 37g Linear PCB Mount Switch	$0.49	MX	Linear	5	37 cN	No	Pink
https://mechanicalkeyboards.com/products/ktt-mango-pomelo-37g-linear-plate-mount-switch	KTT Mango Pomelo 37g Linear Plate Mount Switch	$0.36	MX	Linear	3	37 cN	No	Off-White
https://mechanicalkeyboards.com/products/ktt-ash-grey-50g-tactile-plate-mount-switch	KTT Ash Grey 50g Tactile Plate Mount Switch	$0.30	MX	Tactile	3	38 cN	No	White
https://mechanicalkeyboards.com/products/ktt-kang-white	KTT Kang White 43g Linear Plate Mount Switch	$0.30	MX	Linear	3	43 cN	No	White
https://mechanicalkeyboards.com/products/gateron-g-pro-30-red-45g-linear-pcb-mount	Gateron G Pro 3.0 Red 45g Linear PCB Mount Switch	$0.30	MX	Linear	5	45 cN	No	Red
https://mechanicalkeyboards.com/products/gateron-jupiter-brown-55g-tactile-pcb-mount	Gateron Jupiter Brown 55g Tactile PCB Mount Switch	$0.28	MX	Tactile		55 cN	No	Brown
https://mechanicalkeyboards.com/products/ktt-peach-45g-linear-plate-mount-switch	KTT Peach 45g Linear Plate Mount Switch	$0.29	MX	Linear	3	45 cN	No	Yellow
https://mechanicalkeyboards.com/products/mk-dose-switch	MK Dose Switch	$0.52	MX	Tactile	4	65 cN	No	Brown
https://mechanicalkeyboards.com/products/kailh-box-sun-60g-clicky-plate-mount-switch	Kailh Box Sun 60g Clicky Plate Mount Switch	$0.75	MX	Clicky	2		No	
https://mechanicalkeyboards.com/products/kailh-speed-silver-40g-linear	Kailh Speed Silver 40g Linear Switch	$0.33	MX	Linear		40 cN	No	Silver
https://mechanicalkeyboards.com/products/gateron-milky-clear-35g-linear	Gateron Milky Clear 35g Linear Switch	$0.85	MX	Linear		35 cN	No	White
https://mechanicalkeyboards.com/products/cherry-mx-black-60g-linear	Cherry MX Black 60g Linear Switch	$0.40	MX	Linear		60 cN	No	Black
https://mechanicalkeyboards.com/products/durock-creamy-yellow-55g-linear-pcb-mount	Durock Creamy Yellow 55g Linear PCB Mount Switch	$0.60	MX	Linear	5	55 cN	No	Yellow
https://mechanicalkeyboards.com/products/durock-black-78g-linear-pcb-mount-switch	Durock Black 78g Linear PCB Mount	$0.60	MX	Linear	5	78 cN	No	Black
https://mechanicalkeyboards.com/products/durock-koala-67g-tactile-pcb-mount	Durock Koala 67g Tactile PCB Mount Switch	$0.60	MX	Tactile	5	67 cN	No	Brown
https://mechanicalkeyboards.com/products/kailh-hako-clear-55g-tactile-plate-mount	Kailh Hako Clear 55g Tactile Plate Mount Switch	$1.00	MX	Tactile	3	55 cN		White
https://mechanicalkeyboards.com/products/kailh-speed-pro-light-green-50g-clicky-plate-mount	Kailh Speed Pro Light Green 50g Clicky Plate Mount Switch	$0.33	MX	Clicky	3	50 cN	No	Green
https://mechanicalkeyboards.com/products/hmx-xinhai-linear-pcb-mount	HMX Xinhai Linear PCB Mount Switch	$0.35	MX	Linear	5	37 cN	No	Blue
https://mechanicalkeyboards.com/products/akko-creamy-purple-pro-45-pack	Akko Creamy Purple Pro 30g Tactile Plate Mount Switch 45 Pack	$9.99	MX	Tactile	5	30 cN		Beige
https://mechanicalkeyboards.com/products/akko-fairy-silent-45-pack	Akko Fairy Silent 50g Linear PCB Mount Switch 45 Pack	$13.99	MX	Linear	5	50 cN	Yes	Purple
https://mechanicalkeyboards.com/products/zeal-pc-crystal-tactile-pcb-mount	Zeal PC Crystal Tactile PCB Mount Switch	$1.40	MX	Tactile	5	60 cN	No	Clear
https://mechanicalkeyboards.com/products/gateron-ks-20-dual-rail-orange-30g-linear-pcb-mount-magnetic	Gateron KS-20 Dual-Rail Orange 30g Linear PCB Mount Magnetic Switch	$0.76	MX	Linear	5	30 cN	No	Orange
https://mechanicalkeyboards.com/products/gateron-ks-20-orange-38g-linear-magnetic-he	Gateron KS-20 Orange 38g Linear Magnetic HE Switch	$0.71	MX	Linear	5	38 cN	No	Orange
https://mechanicalkeyboards.com/products/ttc-flame-red-standard-45g-linear-lubed-switch	TTC Flame Red Standard 45g Linear Lubed Switch	$0.65	MX	Linear	3	45 cN	No	Red
https://mechanicalkeyboards.com/products/ttc-low-profile-red-45g-linear-switch	TTC Low Profile Red 45g Linear Switch	$0.50	MX	Linear		45 cN	No	Red
https://mechanicalkeyboards.com/products/kailh-sun-60g-clicky-plate-mount-switch	Kailh Sun 60g Clicky Plate Mount Switch	$0.50	MX	Clicky	3	50 cN	No	White
https://mechanicalkeyboards.com/products/greetech-brown-50g-tactile	Greetech Brown 50g Tactile Switch	$0.40	MX	Tactile		50 cN	No	Brown
https://mechanicalkeyboards.com/products/gateron-clear-35g-linear-plate-mount	Gateron Clear 35g Linear Plate Mount Switch	$0.85	MX	Linear	3	35 cN	No	White
https://mechanicalkeyboards.com/products/kailh-choc-round-blue-48g-low-profile-clicky	Kailh Choc Round Blue 48g Low Profile Clicky Switch	$0.55	CHOC	Clicky	5	48 cN	No	Blue
https://mechanicalkeyboards.com/products/kailh-choc-round-brown-45g-low-profile-tactile	Kailh Choc Round Brown 45g Low Profile Tactile Switch	$0.35	CHOC	Tactile		45 cN	No	Brown
https://mechanicalkeyboards.com/products/kailh-choc-round-red-43g-low-profile-linear	Kailh Choc Round Red 43g Low Profile Linear Switch	$0.35	CHOC	Linear		43 cN	No	Red
https://mechanicalkeyboards.com/products/zeal-pc-tiffany-blue-tealio-v2-67g-linear-pcb-mount	Zeal PC Tiffany Blue Tealio V2 67g Linear PCB Mount Switch	$1.10	MX	Linear	5	67 cN	No	Teal
https://mechanicalkeyboards.com/products/hmx-sunset-gleam-linear-pcb-mount-switch	HMX Sunset Gleam Linear PCB Mount Switch	$0.35	MX	Linear	5			
https://mechanicalkeyboards.com/products/durock-ice-king-58g-tactile-pcb-mount-switch	Durock Ice King 58g Tactile PCB Mount Switch	$0.42	MX	Tactile	5	58 cN		Clear
https://mechanicalkeyboards.com/products/akko-penguin-silent-45-pack	Akko Penguin Silent 50g Tactile PCB Mount Switch 45 Pack	$13.99	MX	Tactile	5	50 cN	Yes	Yellow
https://mechanicalkeyboards.com/products/ktt-purple-star-43g-linear-pcb-mount-switch	KTT Purple Star 43g Linear PCB Mount Switch	$0.49	MX	Linear	5	43 cN	No	White
https://mechanicalkeyboards.com/products/gateron-cj-light-blue-50g-linear-pcb-mount-lubed-switch	Gateron CJ Light Blue 50g Linear PCB Mount Lubed Switch	$0.65	MX	Linear	5	50 cN	No	Blue
https://mechanicalkeyboards.com/products/gateron-ink-box-v2-pink-50g-linear-pcb-mount-lubed-switch	Gateron Ink BOX V2 Pink 50g Linear PCB Mount Lubed Switch	$0.95	MX	Linear	5	50 cN	No	Pink
https://mechanicalkeyboards.com/products/kailh-kt-grey-silent-40g-linear-plate-mount-lubed-switch	Kailh KT Grey Silent 40g Linear Plate Mount Lubed Switch	$0.90	MX	Linear	3	40 cN	Yes	Grey
https://mechanicalkeyboards.com/products/kailh-box-red-pro-35g-linear-plate-mount	Kailh Box Red Pro 35g Linear Plate Mount Switch	$0.45	MX	Linear	3	35 cN	No	White
https://mechanicalkeyboards.com/products/kailh-box-jellyfish-42g-linear-pcb-mount-switch	Kailh Box Jellyfish 42g Linear PCB Mount Switch	$0.75	MX	Linear	5	50 cN	No	Clear
https://mechanicalkeyboards.com/products/glorious-pc-glorious-panda-67g-tactile-lubed-mechanical-switches	Glorious PC Glorious Panda 67g Tactile Lubed Mechanical Switches (36 pack)	$39.98	MX	Tactile	3	67 cN	No	
https://mechanicalkeyboards.com/products/kailh-brown-50g-tactile	Kailh Brown 50g Tactile Switch	$0.40	MX	Tactile		50 cN	No	Brown
https://mechanicalkeyboards.com/products/gateron-silent-brown-55g-tactile	Gateron Silent Brown 55g Tactile Switch	$1.25	MX	Tactile	5	55 cN	Yes	Brown
https://mechanicalkeyboards.com/products/durock-daybreak-silent-67g-linear-pcb-mount	Durock Daybreak Silent 67g Linear PCB Mount Switch	$0.70	MX	Linear	5	67 cN	Yes	Blue
https://mechanicalkeyboards.com/products/kbdfans-aliaz-silent-80g-tactile-pcb-mount	KBDFans Aliaz Silent 80g Tactile PCB Mount Switch	$1.20	MX	Tactile	3		Yes	
https://mechanicalkeyboards.com/products/kailh-box-silent-pink-35g-linear-plate-mount	Kailh BOX Silent Pink 35g Linear Plate Mount Switch	$0.50	MX	Linear	3	35 cN	Yes	Pink
https://mechanicalkeyboards.com/products/mk-keyboard-switch-advent-calendar-with-24-assorted-switches-christmas	MK Keyboard Switch Advent Calendar with 24 Assorted Switches Christmas	$25.00						
https://mechanicalkeyboards.com/products/hmx-yg-macchiato-42g-linear-pcb-mount-switch	HMX YG Macchiato 42g Linear PCB Mount Switch	$0.35	MX	Linear	5	42 cN		Brown
https://mechanicalkeyboards.com/products/ktt-mint-43g-linear-plate-mount-switch	KTT Mint 43g Linear Plate Mount Switch	$0.27	MX	Linear	3	43 cN	No	White
https://mechanicalkeyboards.com/products/zeal-pc-pearlio-linear-pcb-mount	Zeal PC Pearlio Linear PCB Mount Switch	$1.40	MX	Linear	5		No	Clear
https://mechanicalkeyboards.com/products/wuque-studio-quartz-linear-pcb-mount	Wuque Studio Quartz Linear PCB Mount Switch	$0.39	MX	Linear	5		No	Clear
https://mechanicalkeyboards.com/products/durock-piano-635g-linear	Durock Piano 63.5g Linear Switch	$0.70	MX	Linear	5	63.5 cN	No	White
https://mechanicalkeyboards.com/products/ttc-low-profile-blue-40g-clicky-switch	TTC Low Profile Blue 40g Clicky Switch	$0.50	MX	Clicky		40 cN	No	Blue
https://mechanicalkeyboards.com/products/greetech-red-45g-linear	Greetech Red 45g Linear Switch	$0.40	MX	Linear		45 cN	No	Red
https://mechanicalkeyboards.com/products/gateron-milky-red-45g-linear	Gateron Milky Red 45g Linear Switch	$0.85	MX	Linear		45 cN	No	Red
https://mechanicalkeyboards.com/products/gateron-milky-green-80g-clicky	Gateron Milky Green 80g Clicky Switch	$0.85	MX	Clicky		80 cN	No	Green
https://mechanicalkeyboards.com/products/gateron-blue-60g-clicky-plate-mount	Gateron Blue 60g Clicky Plate Mount Switch	$0.85	MX	Clicky	3	60 cN	No	Blue
https://mechanicalkeyboards.com/products/gateron-ink-blue-v2-75g-clicky-pcb-mount	Gateron Ink Blue V2 75g Clicky PCB Mount Switch	$1.20	MX	Clicky	5	75 cN	No	Blue
https://mechanicalkeyboards.com/products/durock-creamy-pink-65g-linear-pcb-mount	Durock Creamy Pink 65g Linear PCB Mount Switch	$0.60	MX	Linear	5	65 cN	No	Pink
https://mechanicalkeyboards.com/products/kailh-speed-pro-burgundy-50g-linear-plate-mount	Kailh Speed Pro Burgundy 50g Linear Plate Mount Switch	$0.33	MX	Linear	3	50 cN	No	Red
https://mechanicalkeyboards.com/products/kailh-box-brown-50g-tactile-plate-mount	Kailh BOX Brown 50g Tactile Plate Mount Switch	$0.35	MX	Tactile	3	50 cN	No	Brown
https://mechanicalkeyboards.com/products/akko-creamy-black-pro-45-pack	Akko Creamy Black Pro 55g Linear PCB Mount Switch 45 Pack	$11.99	MX	Linear	5	55 cN		Black
https://mechanicalkeyboards.com/products/akko-matcha-green-pro-45-pack	Akko Matcha Green Pro 50g Linear Plate Mount Switch 45 Pack	$9.99	MX	Linear	3	50 cN		Green
https://mechanicalkeyboards.com/products/akko-silver-pro-v3-45-pack	Akko Silver Pro V3 40g Linear PCB Mount Switch 45 Pack	$13.99	MX	Linear	5	40 cN		Grey
https://mechanicalkeyboards.com/products/wooting-lekker-switch-linear45-12-pack	Wooting Lekker Linear45 Magnetic HE Switches 12 Pack	$9.99	MX	Linear	2	30 cN		Yellow
https://mechanicalkeyboards.com/products/cherry-mx2a-purple-55g-tactile-pcb-mount	Cherry MX2A Purple 55g Tactile PCB Mount Switch	$0.40	MX	Tactile	5	45 cN		Purple
https://mechanicalkeyboards.com/products/ktt-pine-45g-linear-pcb-mount-switch	KTT Pine 45g Linear PCB Mount Switch	$0.46		Linear	5	45 cN	No	Green
https://mechanicalkeyboards.com/products/ktt-laurel-43g-linear-plate-mount-switch	KTT Laurel 43g Linear Plate Mount Switch	$0.40	MX	Linear	3	43 cN	No	Yellow
https://mechanicalkeyboards.com/products/ktt-cabbage-tofu-45g-linear-plate-mount-switch	KTT Cabbage Tofu 45g Linear Plate Mount Switch	$0.30	MX	Linear	3	45 cN	No	Silver
https://mechanicalkeyboards.com/products/ktt-cream-yellow-50g-linear-plate-mount-switch	KTT Cream Yellow 50g Linear Plate Mount Switch	$0.30	MX	Linear	3	50 cN	No	Yellow
https://mechanicalkeyboards.com/products/wuque-studio-red-linear-pcb-mount	Wuque Studio Red Linear PCB Mount Switch	$0.35	MX	Linear	5		No	Red
https://mechanicalkeyboards.com/products/gateron-cj-light-blue-50g-linear-pcb-mount-unlubed-switch	Gateron CJ Light Blue 50g Linear PCB Mount Unlubed Switch	$0.65	MX	Linear	5	50 cN	No	Blue
https://mechanicalkeyboards.com/products/ttc-golden-red-v3-43g-linear-plate-mount-lubed-switch	TTC Golden Red V3 43g Linear Plate Mount Lubed Switch	$0.50	MX	Linear	3	43 cN	No	Red
https://mechanicalkeyboards.com/products/kailh-black-60g-linear	Kailh Black 60g Linear Switch	$0.35	MX	Linear		60 cN	No	Black
https://mechanicalkeyboards.com/products/gateron-milky-brown-55g-tactile	Gateron Milky Brown 55g Tactile Switch	$0.85	MX	Tactile		55 cN	No	Brown
https://mechanicalkeyboards.com/products/cherry-mx-grey-80g-tactile	Cherry MX Grey 80g Tactile Switch	$0.40	MX	Tactile		80 cN	No	Grey
https://mechanicalkeyboards.com/products/glorious-pc-glorious-panda-67g-tactile-unlubed-mechanical-switches	Glorious PC Glorious Panda 67g Tactile Unlubed Mechanical Switches (36 Pack)	$29.95	MX	Tactile	3	67 cN	No	
https://mechanicalkeyboards.com/products/gateron-ink-yellow-v2-60g-linear-pcb-mount	Gateron Ink Yellow V2 60g Linear PCB Mount Switch	$1.20	MX	Linear	5	60 cN	No	Yellow
https://mechanicalkeyboards.com/products/durock-creamy-green-62g-linear-pcb-mount	Durock Creamy Green 62g Linear PCB Mount Switch	$0.60	MX	Linear	5	62 cN	No	Green
https://mechanicalkeyboards.com/products/kailh-box-black-60g-linear-plate-mount	Kailh BOX Black 60g Linear Plate Mount Switch	$0.35	MX	Linear	3	60 cN	No	Black
https://mechanicalkeyboards.com/products/click-inc-btp-v2-42g-tactile-pcb-mount-switch	Click Inc BTP V2 42g Tactile PCB Mount Switch	$0.32	MX	Tactile	5	42 cN		White
https://mechanicalkeyboards.com/products/click-inc-hp-47g-tactile-pcb-mount-switch	Click Inc HP 47g Tactile PCB Mount Switch	$0.16	MX	Tactile	5	47 cN		Orange
https://mechanicalkeyboards.com/products/zeal-pc-roselio-67g-silent-linear-pcb-mount	Zeal PC Roselio 67g Silent Linear PCB Mount Switch	$1.30	MX	Linear	5		Yes	Pink
https://mechanicalkeyboards.com/products/gateron-milky-yellow-50g-linear	Gateron Milky Yellow 50g Linear Switch	$0.85	MX	Linear		50 cN	No	Yellow
https://mechanicalkeyboards.com/products/hmx-vintage-citrus-48g-linear-pcb-mount-switch	HMX Vintage Citrus 48g Linear PCB Mount Switch	$0.35	MX	Linear	5	48 cN		White
https://mechanicalkeyboards.com/products/durock-ice-king-52g-linear-pcb-mount-switch	Durock Ice King 52g Linear PCB Mount Switch	$0.42	MX	Linear	5	52 cN		Clear
https://mechanicalkeyboards.com/products/akko-crystal-pro-45-pack	Akko Crystal Pro 45g Linear Plate Mount Switch 45 Pack	$14.99	MX	Linear	3	45 cN		Clear
https://mechanicalkeyboards.com/products/wooting-lekker-linear60-12-pack	Wooting Lekker Linear60 Magnetic HE Switches 12 Pack	$9.99	MX	Linear	2	40 cN		Teal
https://mechanicalkeyboards.com/products/ktt-lavender-43g-linear-plate-mount-switch	KTT Lavender 43g Linear Plate Mount Switch	$0.80		Linear	5	43 cN	No	Purple
https://mechanicalkeyboards.com/products/ktt-silent-43g-linear-plate-mount-switch	KTT Silent 43g Linear Plate Mount Switch	$0.40	MX	Linear	3	43 cN	Yes	Off-White
https://mechanicalkeyboards.com/products/ktt-lightning-43g-linear-plate-mount-switch	KTT Lightning 43g Linear Plate Mount Switch	$0.49	MX	Linear	3	43 cN	No	Orange
https://mechanicalkeyboards.com/products/ktt-orange-46g-linear-pcb-mount-switch	KTT Orange 46g Linear PCB Mount Switch	$0.46	MX	Linear	5	46 cN	No	Yellow
https://mechanicalkeyboards.com/products/ktt-hyacinth-45g-linear-pcb-mount-switch	KTT Hyacinth 45g Linear PCB Mount Switch	$0.46	MX	Linear	5	45 cN	No	Yellow
https://mechanicalkeyboards.com/products/ktt-sea-salt-lemon-43g-linear-plate-mount-switch	KTT Sea Salt Lemon 43g Linear Plate Mount Switch	$0.31	MX	Linear	3	43 cN	No	Yellow
https://mechanicalkeyboards.com/products/ktt-grapefruit-45g-linear-plate-mount-switch	KTT Grapefruit 45g Linear Plate Mount Switch	$0.31	MX	Linear	3	43 cN	No	White
https://mechanicalkeyboards.com/products/ktt-red-wine-43g-linear-plate-mount-switch	KTT Red Wine 43g Linear Plate Mount Switch	$0.30	MX	Linear	3	43 cN	No	Red
https://mechanicalkeyboards.com/products/wuque-studio-yellow-47g-linear-pcb-mount	Wuque Studio Yellow 47g Linear PCB Mount Switch	$0.35	MX	Linear	5	47 cN	No	Yellow
https://mechanicalkeyboards.com/products/gateron-luciola-55g-linear-pcb-mount-lubed-switch	Gateron Luciola 55g Linear PCB Mount Lubed Switch	$0.75	MX	Linear	5	55 cN	No	Green
https://mechanicalkeyboards.com/products/ttc-flame-red-switches-linear-lubed-plate-mount	TTC Flame Red Switches Linear Lubed Plate Mount	$0.73	MX	Linear	3	45 cN	No	Red
https://mechanicalkeyboards.com/products/kailh-blue-50g-clicky	Kailh Blue 50g Clicky Switch	$0.40	MX	Clicky		50 cN	No	Blue
https://mechanicalkeyboards.com/products/greetech-black-65g-linear	Greetech Black 65g Linear Switch	$0.40	MX	Linear		65 cN	No	Black
https://mechanicalkeyboards.com/products/greetech-blue-55g-clicky	Greetech Blue 55g Clicky Switch	$0.40	MX	Clicky		50 cN	No	
https://mechanicalkeyboards.com/products/gateron-brown-45g-tactile-plate-mount	Gateron Brown 45g Tactile Plate Mount Switch	$0.85	MX	Tactile	3	45 cN	No	Brown
https://mechanicalkeyboards.com/products/gateron-ink-silent-black-v2-60g-linear-pcb-mount	Gateron Ink Silent Black V2 60g Linear PCB Mount Switch	$1.35	MX	Linear	5	60 cN	No	Black
https://mechanicalkeyboards.com/products/kailh-box-chinese-red-45g-linear-plate-mount	Kailh BOX Chinese Red 45g Linear Plate Mount Switch	$0.50	MX	Linear	3	45 cN	No	Red
https://mechanicalkeyboards.com/products/akko-dracula-35g-linear-pcb-mount-switches-45-pack	Akko Dracula 35g Linear PCB Mount Switches 45 Pack	$14.99	MX	Linear	5	35 cN		Red
https://mechanicalkeyboards.com/products/akko-botany-38g-linear-pcb-mount-switches-45-pack	Akko Botany 38g Linear PCB Mount Switches 45 pack	$13.99	MX	Linear	5	38 cN		Green
https://mechanicalkeyboards.com/products/durock-splash-brothers-48g-speed-linear-pcb-mount	Durock Splash Brothers 48g Speed Linear PCB Mount Switch	$0.26	MX	Linear	5	48 cN	No	Yellow
https://mechanicalkeyboards.com/products/durock-mamba-50g-linear-pcb-mount	Durock Mamba 50g Linear PCB Mount Switch	$0.65	MX	Linear	5	50 cN		Black
https://mechanicalkeyboards.com/products/click-inc-slp-35g-linear-pcb-mount-switch	Click Inc SLP 35g Linear PCB Mount Switch	$0.16	MX	Linear	5	35 cN		Orange
https://mechanicalkeyboards.com/products/zeal-pc-aqua-zilent-v2-67g-silent-tactile-pcb-mount	Zeal PC Aqua Zilent V2 67g Silent Tactile PCB Mount Switch	$1.40	MX	Tactile	5		Yes	Navy
https://mechanicalkeyboards.com/products/zeal-pc-aqua-zilent-v2-62g-silent-tactile-pcb-mount	Zeal PC Aqua Zilent V2 62g Silent Tactile PCB Mount Switch	$1.40	MX	Tactile	5		Yes	Teal
https://mechanicalkeyboards.com/products/zeal-pc-turquoise-tealio-65g-linear-pcb-mount	Zeal PC Turquoise Tealio 65g Linear PCB Mount Switch	$1.25	MX	Linear	5	65 cN	No	Teal
https://mechanicalkeyboards.com/products/zeal-pc-turquoise-tealio-635g-linear-pcb-mount	Zeal PC Turquoise Tealio 63.5g Linear PCB Mount Switch	$1.25	MX	Linear	5	63 cN	No	Teal
https://mechanicalkeyboards.com/products/zeal-pc-sakurio-62g-silent-linear-pcb-mount	Zeal PC Sakurio 62g Silent Linear PCB Mount Switch	$1.30	MX	Linear	5		Yes	Pink
https://mechanicalkeyboards.com/products/gateron-silent-red-45g-linear	Gateron Silent Red 45g Linear Switch	$1.25	MX	Linear		45 cN	Yes	Red
https://mechanicalkeyboards.com/products/gateron-silent-black-60g-linear	Gateron Silent Black 60g Linear Switch	$1.25	MX	Linear		60 cN	Yes	Black
https://mechanicalkeyboards.com/products/hmx-cloud-linear-pcb-mount-switch	HMX Cloud Linear PCB Mount Switch	$0.35	MX	Linear	5			Blue
https://mechanicalkeyboards.com/products/hmx-canglan-v2-42g-linear-pcb-mount-switch	HMX Canglan V2 42g Linear PCB Mount Switch	$0.35	MX	Linear	5	42 cN		White
https://mechanicalkeyboards.com/products/akko-piano-pro-v3-45-pack	Akko Piano Pro V3 48g Linear PCB Mount Switch 45 Pack	$13.99	MX	Linear	5	48 cN		Black
https://mechanicalkeyboards.com/products/sw-x-hmx-pearl-switch	SW x HMX Pearl 45g Linear PCB Mount Switch	$0.34	MX	Linear	5	45 cN		Purple
https://mechanicalkeyboards.com/products/gateron-ks-3-milky-red-pro-45g-linear-switch	Gateron KS-3 Milky Red Pro 45g Linear Switch	$0.85	MX	Linear	3	45 cN		Red
https://mechanicalkeyboards.com/products/tecsee-carrot-68g-linear-pcb-mount-switch	Tecsee Carrot 68g Linear PCB Mount Switch	$0.45	MX	Linear	5	68 cN	No	Green
https://mechanicalkeyboards.com/products/glorious-pc-glorious-lynx-67g-linear-unlubed-mechanical-switches-36-pack	Glorious PC Glorious Lynx 67g Linear Unlubed Mechanical Switches (36 Pack)	$23.96	MX	Linear		60 cN	No	
https://mechanicalkeyboards.com/products/gateron-yellow-50g-linear	Gateron Yellow 50g Linear Switch	$0.85	MX	Linear		50 cN	No	Yellow
https://mechanicalkeyboards.com/products/mod-h-62g-linear-switch	MOD-H 62g Linear Switch	$49.00		Linear		62 cN	No	
https://mechanicalkeyboards.com/products/kailh-red-50g-linear	Kailh Red 50g Linear Switch	$0.40	MX	Linear		50 cN	No	Red
https://mechanicalkeyboards.com/products/gateron-milky-blue-60g-clicky	Gateron Milky Blue 60g Clicky Switch	$0.85	MX	Clicky		60 cN	No	Blue
https://mechanicalkeyboards.com/products/gateron-milky-black-60g-linear	Gateron Milky Black 60g Linear Switch	$0.85	MX	Linear		60 cN	No	Black
https://mechanicalkeyboards.com/products/cherry-mx-nature-white-55g-linear	Cherry MX Nature White 55g Linear Switch	$1.00	MX	Linear		55 cN	No	White
https://mechanicalkeyboards.com/products/gateron-ink-red-v2-45g-linear-pcb-mount	Gateron Ink Red V2 45g Linear PCB Mount Switch	$1.20	MX	Linear	5	45 cN	No	Red
https://mechanicalkeyboards.com/products/outemu-brown-switches-plate-mount-tactile	Outemu Brown Switches Plate Mount Tactile	$0.80	MX	Tactile	3	55 cN	No	Brown
